{
    "train_loss": 0.6075114011764526,
    "train_accuracy": 0.6457399129867554,
    "valid_loss": 0.5853329300880432,
    "valid_accuracy": 0.6481481194496155
}